{
    "elapsed_time_sec": 13.06929612159729,
    "files": {
        "./test/testme.py": {
            "functions": [
                {
                    "fn_name": "doit1",
                    "memory_samples": [
                        13.014888763427734,
                        14.525511741638184,
                        13.262846946716309,
                        16.176509857177734,
                        11.743709564208984,
                        4.485744476318359,
                        3.091221809387207,
                        1.613621711730957,
                        -0.02645397186279297
                    ],
                    "n_avg_mb": 0.0,
                    "n_copy_mb_s": 0.4761113152564859,
                    "n_cpu_percent_c": 17.270487245887548,
                    "n_cpu_percent_python": 57.22575076392865,
                    "n_gpu_percent": 0,
                    "n_growth_mb": 13.412757873535156,
                    "n_malloc_mb": 2366.0112533569336,
                    "n_mallocs": 243,
                    "n_peak_mb": 13.412757873535156,
                    "n_python_fraction": 0.3719147410351749,
                    "n_sys_percent": 3.1078379185149294,
                    "n_usage_fraction": 0.9809197576695596
                },
                {
                    "fn_name": "doit2",
                    "memory_samples": [],
                    "n_avg_mb": 0.0,
                    "n_copy_mb_s": 0.0,
                    "n_cpu_percent_c": 2.693372765670962,
                    "n_cpu_percent_python": 12.089435737500962,
                    "n_gpu_percent": 0,
                    "n_growth_mb": 0.0,
                    "n_malloc_mb": 0.0,
                    "n_mallocs": 81,
                    "n_peak_mb": 0.0,
                    "n_python_fraction": 0,
                    "n_sys_percent": 0.6969580412209558,
                    "n_usage_fraction": 0.0
                },
                {
                    "fn_name": "stuff",
                    "memory_samples": [
                        46.11642551422119,
                        8.02405071258545,
                        0.0,
                        0.0,
                        0.0,
                        0.0,
                        0.0,
                        0.0,
                        0.0
                    ],
                    "n_avg_mb": 0.0,
                    "n_copy_mb_s": 0.0,
                    "n_cpu_percent_c": 2.647049268885547,
                    "n_cpu_percent_python": 0.06698100853974369,
                    "n_gpu_percent": 0,
                    "n_growth_mb": 38.627779960632324,
                    "n_malloc_mb": 38.627779960632324,
                    "n_mallocs": 1,
                    "n_peak_mb": 38.627779960632324,
                    "n_python_fraction": 0.0004371028239442311,
                    "n_sys_percent": 0.0,
                    "n_usage_fraction": 0.016014612147147035
                }
            ],
            "lines": [
                {
                    "line": "import numpy as np\n",
                    "lineno": 1,
                    "memory_samples": [
                        1.4797706604003906,
                        3.051645278930664,
                        4.529231071472168,
                        6.010608673095703,
                        7.488645553588867,
                        0.0,
                        0.0,
                        0.0,
                        0.0
                    ],
                    "n_avg_mb": 1.4797706604003906,
                    "n_copy_mb_s": 0.0,
                    "n_cpu_percent_c": 3.733260190072009,
                    "n_cpu_percent_python": 0.46886705977820586,
                    "n_gpu_percent": 0,
                    "n_growth_mb": 5.9146318435668945,
                    "n_malloc_mb": 7.394402503967285,
                    "n_mallocs": 1,
                    "n_peak_mb": 5.9146318435668945,
                    "n_python_fraction": 0.0017249762575489611,
                    "n_sys_percent": 0.0,
                    "n_usage_fraction": 0.0030656301832933624
                },
                {
                    "line": "from numpy import linalg as LA\n",
                    "lineno": 4,
                    "memory_samples": [],
                    "n_avg_mb": 0.0,
                    "n_copy_mb_s": 0.0,
                    "n_cpu_percent_c": 0.0,
                    "n_cpu_percent_python": 0.0,
                    "n_gpu_percent": 0,
                    "n_growth_mb": 0.0,
                    "n_malloc_mb": 0.0,
                    "n_mallocs": 1,
                    "n_peak_mb": 0.0,
                    "n_python_fraction": 0,
                    "n_sys_percent": 0.0,
                    "n_usage_fraction": 0.0
                },
                {
                    "line": "    x = [i*i for i in range(0,100000)][99999]\n",
                    "lineno": 12,
                    "memory_samples": [
                        1.7980289459228516,
                        1.6247835159301758,
                        1.624913215637207,
                        3.2757434844970703,
                        1.7981433868408203,
                        -0.05683708190917969,
                        0.0,
                        0.0,
                        0.0
                    ],
                    "n_avg_mb": 1.5563822616765528,
                    "n_copy_mb_s": 0.0,
                    "n_cpu_percent_c": 3.118799052853577,
                    "n_cpu_percent_python": 9.38443315260419,
                    "n_gpu_percent": 0,
                    "n_growth_mb": 1.563140869140625,
                    "n_malloc_mb": 250.0718536376953,
                    "n_mallocs": 81,
                    "n_peak_mb": 1.563140869140625,
                    "n_python_fraction": 0.07047329801712991,
                    "n_sys_percent": 0.34751635754841464,
                    "n_usage_fraction": 0.10367677741271501
                },
                {
                    "line": "    y1 = [i*i for i in range(0,200000)][199999]\n",
                    "lineno": 13,
                    "memory_samples": [
                        3.3059892654418945,
                        1.613591194152832,
                        3.3059892654418945,
                        7.524022102355957,
                        6.046422004699707,
                        4.568821907043457,
                        3.091221809387207,
                        1.613621711730957,
                        -0.02645397186279297
                    ],
                    "n_avg_mb": 7.3380774038809315,
                    "n_copy_mb_s": 0.4761113152564859,
                    "n_cpu_percent_c": 7.636548357985019,
                    "n_cpu_percent_python": 20.095108649084853,
                    "n_gpu_percent": 0,
                    "n_growth_mb": 7.431037902832031,
                    "n_malloc_mb": 601.8140487670898,
                    "n_mallocs": 81,
                    "n_peak_mb": 7.431037902832031,
                    "n_python_fraction": 0.11390098865802654,
                    "n_sys_percent": 1.0156742183709357,
                    "n_usage_fraction": 0.24950485338612785
                },
                {
                    "line": "    z1 = [i for i in range(0,300000)][299999]\n",
                    "lineno": 14,
                    "memory_samples": [
                        7.910870552062988,
                        11.287137031555176,
                        8.331944465637207,
                        5.376744270324707,
                        3.899144172668457,
                        -0.02624034881591797,
                        0.0,
                        0.0,
                        0.0
                    ],
                    "n_avg_mb": 13.246079715681665,
                    "n_copy_mb_s": 0.0,
                    "n_cpu_percent_c": 6.541427089621142,